<?xml version="1.0" encoding="UTF-8"?>
<Configuration status="WARN">
    <Appenders>
        <Console name="Console" target="SYSTEM_OUT">
            <PatternLayout pattern="%d{HH:mm:ss.SSS} %-5level - %msg%n"/>
        </Console>
        <File name="File" fileName="C:\Users\gs18275\eclipse-workspace\JenkinsTest\logs\log4j2.log" append="true">
            <PatternLayout>
                <Pattern>%d{HH:mm:ss.SSS} [%t] %-5level - %msg%n</Pattern>
            </PatternLayout>
        </File>
    </Appenders>
    <Loggers>
        <Logger name="com.sdetadda" level="info" additivity="true">
            <AppenderRef ref="Console"/>
        </Logger>
        <Root level="info">
            <AppenderRef ref="File"/>
        </Root>
    </Loggers>
</Configuration>